M,h,BPR,Beta_c,-Ia,TSFC,EINOX,EICO
1.3766568801969385,9008.024525589059,0.10005024191160666,8.999848258570402,-819.8086229302961,0.08452929915967268,59.55895368564218,0.18943822958332895
1.523169752662591,13559.014323018331,0.1001259472753146,3.0001554657226444,-955.8022175529802,0.11118082592469943,33.70182517561679,0.593580453496295
1.5198897542714176,13628.147552670214,0.10000814826331375,3.000019687907226,-956.5359567440686,0.11114957607019638,33.6813241715877,0.5978605967213643
1.300145172864481,11016.618770370565,0.10168515863887181,8.979517696974272,-772.7439580867806,0.0819099142187552,41.70138519830061,0.05122799026948152
1.3001463139766827,13314.51735902046,0.5991236732313117,3.0050199591643016,-698.5722830301355,0.1037563821649346,22.47240561212292,0.1708471241229381
1.5200857449051117,13990.532979960708,0.10000019155291835,3.000732864500918,-956.4957271163205,0.11115351693798263,33.677454871096415,0.6166780124345097
1.3000001195932598,11698.417125571661,0.5987115079406808,8.996953101350549,-628.5385399571979,0.08065592870113128,36.35165362839569,0.06389050560509797
1.5205499417595638,12564.657123483403,0.1000175150791642,3.1038655236406685,-954.1072967341257,0.11008608088307825,34.32206028882584,0.5275421898183063
1.519352822317851,13832.64372007725,0.1000449573887148,3.015378207817104,-956.1149262792412,0.11098433949808482,33.74791040774738,0.6037760306463449
1.3907162503136197,9210.081961343476,0.10029087356532174,8.585441412054921,-826.7669098626935,0.08551860162769383,58.10595124905151,0.1959727111899035
1.3011702652089268,12331.821536466077,0.5861920969594656,3.036272907543547,-702.7836585141486,0.10352437255851199,22.657333773475607,0.15627422500072424
1.4004242505445312,9228.050681738776,0.10205099459492252,3.7827697764220907,-934.9815572600966,0.10439569006113956,38.14454599907406,0.36321009565191614
1.3166315710011163,9490.497157546195,0.1000163249939087,5.162929862001527,-880.0294965440446,0.0948368847819237,39.01992053029973,0.15909494223635887
1.37744777631356,9367.169656543581,0.10000265639575259,7.903932450075101,-834.6810179152451,0.08684764336092622,53.70742767732386,0.1793209278763717
1.5225185494092923,12668.515484491487,0.10001184754210996,3.439397949252591,-945.5155025247818,0.10710738244507578,36.226140044027716,0.4799974779391126
1.3525832502494082,9433.749115805032,0.10016256020816039,6.758053308653656,-852.0909045324696,0.08962173993382136,47.442535186043244,0.16688648035469225
1.3013712030508093,13522.306206808045,0.5611920421488965,8.089527533346207,-648.9468370694865,0.08255066069220736,34.89370991218258,0.07914378077697314
1.5064773974914443,13151.986524573404,0.10155033662260611,3.7885013455015706,-932.2595496387415,0.10416270511733713,37.3317242941157,0.4199326706121604
1.3777356971007422,9066.765791475125,0.10015755150181624,6.5807084720810565,-867.7421607914753,0.09093861645724756,50.48217152111674,0.22857654017062826
1.4390777889281323,13332.735977294456,0.10240801823136957,3.0500336145255145,-929.8308400673628,0.1090706863573838,30.35109629028478,0.34293645103085607
1.3804158540910905,9070.820229998086,0.10006132080031373,5.636809278013752,-890.4176304430423,0.09437737277837584,46.782508862971426,0.25894405087393807
1.3023080763178119,13626.938868896743,0.5217016093344505,3.295234532903446,-722.7051865161422,0.10153205730040776,23.686447323548183,0.15875498785566233
1.304307023776642,11016.618770370565,0.5665617132074144,3.1623280161363985,-709.439166381658,0.10249384671705453,23.243020474493463,0.1372650480800535
1.508469732285938,13367.853196849841,0.10166477642508029,3.05319252765824,-951.0390199127085,0.11036860341106469,33.47031180278497,0.5350623393274183
1.370217815476055,9116.39618378586,0.10180252003318578,6.978806713022057,-855.8504067724841,0.08951093623984532,51.1650624254236,0.20602230719012612
1.3640021179501238,9109.102775098447,0.10122079450732963,3.012733398586411,-948.9815838529719,0.11065895131599113,32.969252451905454,0.40258779455325994
1.3734070172593158,9016.753544299061,0.10018383710256135,7.186948664188405,-854.4602832584573,0.08903720716758017,52.75277122578038,0.21379816098402396
1.3724461882423562,9141.044683908209,0.10067614624504086,4.165414496229072,-924.3279832945681,0.10146623680375212,39.31574921687542,0.30680713455608966
1.3068913182368955,13323.765878293354,0.35592918338492796,4.211304571044769,-768.8614014274985,0.09630182356271802,27.366883387224068,0.1209293613226665
1.5067751975291446,13992.816773548328,0.10000453409693742,3.0000049101013593,-952.5179912635961,0.11090641034821987,33.08517954010716,0.568265363174647
1.5060112506547956,13534.608243096527,0.10008686275510331,3.1342288313455002,-949.3446374435282,0.1095470761947463,33.82859138512447,0.5200363822213642
1.4908063444977335,12372.678335057808,0.10044716486852905,3.4781256922605577,-936.35519572223,0.10619735517663609,34.97305688139152,0.386041744326349
1.4740562595787212,13727.772701449274,0.10298630711298322,3.0034767273857126,-940.8181777445818,0.11020770657942969,31.626617343081676,0.45080131392405737
1.519475014038991,13890.439115821218,0.1001064098566543,3.100455637286461,-954.26393253907,0.11013493328645609,34.24996289008593,0.5902053789773886
1.3034499924096927,11523.637381835144,0.49514691679763617,5.31681002301099,-706.1635147352231,0.09055566306250729,29.400696532090986,0.08900048118570981
1.3848170604014327,9228.050681738776,0.10007624941861461,7.301521349516831,-850.7894181844831,0.08870424177069296,52.90202947281591,0.2083200226724109
1.4879727757109653,13913.628853475087,0.10001152820677009,4.060565560085067,-920.5519362029348,0.10202691206689429,37.65734203067815,0.3741176523553673
1.300084261858653,13181.600249158018,0.45735027426183683,8.998437961204276,-663.2618821452796,0.08096637696216234,37.525395512064705,0.06928978226410264
1.3766568801969385,9007.168569491398,0.10001140365523613,8.737419076551046,-824.5995530177692,0.08511371165161684,58.6570184954834,0.19283515691578798
1.5177725424118622,13581.07057784362,0.10000403124451526,3.7378891103426954,-937.6529101167527,0.10475675254880575,37.67479237471745,0.47329315924959986
1.4945431602825636,12759.850438337335,0.1000128842548831,3.096183084781611,-946.690752202113,0.10967692841705697,33.1049347386158,0.4582850312150795
1.373955726210144,9253.643161050062,0.1000104058111245,3.2890798348278047,-944.1264485890043,0.10794272468514177,34.50463064546764,0.36896792639528586
1.3888577425439022,9211.52067301146,0.10233465868090073,3.148809283830734,-950.8844678095845,0.10959849674412936,34.52079559295874,0.4299134579671848
1.3000187804326528,12612.00209496183,0.5999983275028273,4.4438846492389805,-687.6017301753848,0.09387968975956851,26.500351256702004,0.11362659796593856
1.3040242841667964,11796.416198149414,0.5998677541917392,6.612985064558721,-659.2226281873803,0.08607467962485034,31.772845660124936,0.08087538878396118
1.384698775498008,9218.142566063278,0.10010678956646443,5.68665092840722,-887.4621124686048,0.09411060292693793,46.581608895819016,0.24912876164529976
1.3472471063421585,9106.969956519044,0.1000205959445972,8.75615180761506,-817.0929963217256,0.084561801170834,55.64224812959982,0.15610701662831142
1.3739215134783782,9000.916118763791,0.10001861135329984,4.226194611936924,-926.166693154323,0.101287144128986,40.25025698591065,0.3231400342333518
1.3831744482768675,9033.591586747212,0.10000196088231705,8.049740667125677,-836.4483820173226,0.08682337797843442,56.28093670210142,0.20283158291336348
1.356390902467085,9741.576579196022,0.10000233708522262,5.255690411210148,-881.9333296532664,0.09486795864801761,40.639786405096665,0.18013147251008593
1.5184847562542532,13941.717058886885,0.1000201828248646,3.3623647513644133,-947.7245822604617,0.10772141780170298,35.684679769431234,0.5428984686085577
1.3766568801969385,9008.024525589059,0.10005024191160666,8.70001200446486,-825.2887479589588,0.08519812301426886,58.525044229409694,0.193340721388275
1.3073343038197163,13364.076361093834,0.38163708724367973,4.44240463132412,-756.3298037450153,0.0949538733871399,27.899185373256167,0.11751244905968622
1.303384123797834,13090.319870766207,0.4159441554671914,3.338632358124701,-758.2436905357472,0.10172768458259267,24.27552217958134,0.14528306623782686
1.5205499417595638,13999.359429653567,0.10001152820677009,3.071167824719351,-954.8780731718778,0.11044339349669985,34.09437835417224,0.6024639552992849
1.302388125757288,13704.162422158231,0.5239690445048104,3.9281346951508525,-716.4795245682333,0.09704285871797957,25.525416702047725,0.13659822311580858
1.3672449109641285,9091.484189718934,0.1013080942302285,6.278743559358585,-871.4054037583244,0.09174847670597783,48.39857103765206,0.2199530187877929
1.3640618104251065,9200.395790063829,0.10000240473884738,3.444829260409292,-939.0578117114809,0.10644509612353163,35.04731862966677,0.3389657325535811
1.3259406011463235,13570.85757134865,0.3185013057921267,5.087527670137692,-770.4435265697629,0.0926316109112965,30.992183870965253,0.11825848211603053
1.3529099278612935,9017.0825245343,0.10010995263589487,3.017589661464112,-948.2142600026958,0.11052470157320578,32.80990426878408,0.389661046497155
1.3770047720494296,9240.54739256429,0.10391594049594448,6.449952588632874,-865.8593863914646,0.09117927267649886,48.96185676919476,0.2158871203846968
1.3718150930586148,9450.31963178733,0.10001435183346072,5.156916917919083,-893.2937802823354,0.09587469380571578,42.46447785358925,0.2261296806860514
1.381847225970499,9139.922242453076,0.10073849210274256,7.900822358608579,-839.1935493076884,0.08710649449233213,55.34236522841084,0.20129370440907993
1.3782941902867485,9153.762004376413,0.1002000246054229,3.6175752538940307,-939.6624509328577,0.10538690648123364,36.81360071494784,0.3597973832490514
1.3831680138970723,9281.886585818305,0.10000087372758135,8.049740667125677,-834.410833943791,0.08664140642777751,55.174298558190756,0.18970459142837437
1.3446436291547446,9161.182343719094,0.10005024191160666,8.99692019304643,-811.3907143497739,0.08394936272271282,55.87460365148475,0.148037896166634
1.3455400136383808,9126.374017880484,0.10169297295416216,4.37566306439984,-912.1268182587949,0.09972366444238323,38.877243854930505,0.25174206340074384
1.3034499924096927,11523.637381835144,0.45930119720929463,5.165497560411527,-719.1647081173743,0.09128021981568586,29.235852037027705,0.08983856708331624
1.384698775498008,9218.142566063278,0.10000264264806344,5.7798553433668705,-885.256285405409,0.09375156346101449,46.9753053604783,0.24624214501235175
1.3001112267738317,12815.75629904269,0.4781842863378743,8.75691177942996,-661.0199340659766,0.08137915577885249,36.871678130358625,0.06875280616532235
1.367819262698162,9413.129815567652,0.10038934001677785,3.266868064430448,-939.4801135111273,0.10781568768896799,33.57383531079761,0.33527753689392453
1.4395244030689347,13967.35824931114,0.10020409802153957,3.090421434933055,-930.3425500410887,0.10870747880065307,30.576151860134157,0.3580096658508851
1.5184847562542532,13514.751122794198,0.10000084378415225,3.154073298526,-952.7767957907425,0.10958596926451854,34.52256895272571,0.5577743115181313
1.3641273933342883,9054.806868030393,0.10000480005121008,7.178388706988102,-852.148509864799,0.08887744965155932,51.80928281759321,0.19952210548378374
1.3071321571638175,12355.220154644814,0.5314266161302479,4.744353207019434,-704.5462855748076,0.09285403341987075,27.904886222443125,0.10788079444523466
1.3042942927293961,11067.090305492864,0.46885477627194355,8.19353627172023,-671.5704621831343,0.08259854755940567,36.12856178603198,0.06359218866797099
1.3002217243961274,11626.352680985183,0.4602142415465625,4.72180129021752,-725.111989575446,0.09311078590054188,27.938547146988498,0.09521790063751474
1.3040647897074558,12505.98644149641,0.5974185939016893,4.450472877463075,-688.9519557629758,0.09393574486045114,26.70009140304234,0.11541889753305022
1.3569660370209307,9101.676139917574,0.1000031695678624,7.789857238717593,-837.3879894171172,0.08703501002273596,53.192524286904074,0.1779290591688113
1.3099967438203004,11526.415708873428,0.10858839399565542,8.369395213476126,-782.2714753391042,0.08335513404724683,40.80893753263948,0.05932661667007155
1.3166315710011163,9422.61010522132,0.10015736689966465,5.8720253322705105,-864.5946757969797,0.09203692181731149,41.935942778318584,0.14894598354143088
1.31071970023601,13597.476884861859,0.5915052700796581,5.027999245694135,-684.2414218623518,0.09149031629107869,28.43985753411376,0.11935899884523304
1.3595336513563954,10598.859333567361,0.10037986592777355,8.912028210904994,-791.720687368756,0.08325687692453648,48.284907095498276,0.0899231813501959
1.374159729969319,9011.964542426082,0.1013080942302285,6.278743559358585,-874.3221442066346,0.09193440959844759,49.28238476490956,0.236330378100513
1.3011512816480606,12371.872860866857,0.5850165719478544,8.985732171278732,-632.0244872240049,0.08072725576170058,36.48436790008856,0.06778477471529545
1.3043941915907502,13532.899159092382,0.5661235003113622,8.494839529177968,-643.0053848468491,0.08176396458509273,35.834963225260815,0.07847903231280909
1.4738815629065474,13778.958107003096,0.10627443258901811,3.2891967004432896,-933.0212307538902,0.10745289909219499,33.0964059750401,0.41339823319127794
1.3777570167904636,9266.026128817375,0.10040556422240784,8.06559358643342,-833.1323523175984,0.0865298783970104,54.87385398928672,0.18467914576689837
1.3595660988474503,9377.813554434111,0.10005024191160666,6.606750412424863,-857.8640072623483,0.0902709292612444,47.68048243142705,0.18084985547277416
1.3106565946565158,12795.488393349604,0.4794915075770518,3.1715963416993187,-738.9289870689637,0.10296455473194302,23.766291434943067,0.15976519192404637
1.4740562595787212,13470.193047890229,0.10096348043808843,3.0034767273857126,-941.8740471571178,0.11021934008853798,31.64821131593572,0.4405070194919022
1.300403130249235,9258.664903247318,0.10078372279573497,7.053906855245965,-838.341895248046,0.08800879445564798,45.67483132943958,0.12717149446867193
1.379417853694013,9089.79864067808,0.1001788252373594,4.065221263519724,-929.9265184154063,0.10228698027875528,39.39969614633307,0.333318197471521
1.3730418307842656,9007.168569491398,0.10001140365523613,8.60998673224685,-826.3410193943395,0.08535468565509065,57.9198276255082,0.19074324877759416
1.3022331803838918,13261.410393175765,0.5973105411160843,4.199961321453846,-691.6253747978733,0.09518050135605029,25.9523861390071,0.12726610292575888
1.3505613128776377,13090.319870766207,0.10742276701113862,8.934294689530761,-780.1140698958537,0.08274107118835991,45.021759234651064,0.0837929857821751
1.3003949438839453,13597.342746390688,0.5611920421488965,8.312708882120075,-645.9545919031125,0.08207298875484018,35.27902246420046,0.07784039157735204
1.4860434218392937,13528.655048859007,0.1022467521047981,3.308227162027105,-938.2113531540377,0.10755821019594541,33.81716991462327,0.4343966132412666
1.3595336513563954,11070.822127513356,0.10037986592777355,8.95568035358811,-783.9469350006561,0.08284211117906526,45.9747185508611,0.07491042785812502
1.3907162503136197,9210.081961343476,0.10029087356532174,8.4897066456251,-828.5655492436146,0.08574351562608143,57.77106112973312,0.19734462525711496
1.3786410643494167,9252.632756513156,0.10001775067440477,4.965077883673494,-903.433631940683,0.09711084243303529,42.93065116069041,0.2631672836787283
1.3518837124360699,9147.115965434876,0.10000468476203797,6.678259741155901,-858.7760809221892,0.09011939827715144,48.57557883453602,0.18794097489089812
1.3918939184715267,9384.889950284167,0.10136735829070748,6.053786023093269,-876.73171261991,0.09268557865155792,47.75973090673825,0.23293101790985055
1.3009178092975584,12775.91059338018,0.5034702754115071,6.252087124153523,-689.3980013484664,0.08735858634314189,31.418442296497254,0.08668946288792827
1.3744015443336748,9020.483620969215,0.10097466679534242,6.700788980482193,-864.8239404707363,0.09053688854709627,50.935831601580496,0.22547150292733145
1.3760656183268654,9099.48957308765,0.10004820292541959,8.974281376718551,-818.7066336404754,0.08450591943471912,58.86145249811561,0.18265582678732317
1.3672449109641285,9091.484189718934,0.1013080942302285,6.3684317248788425,-869.3602842877447,0.09143922758837297,48.74989806931647,0.2177273377999934
1.3148619609922791,9343.773228565058,0.10015736689966465,6.6881647105664115,-847.584597609729,0.08928499667499071,45.03411141294978,0.13883576067763062
1.3786874398049804,9171.433270242105,0.10000726381429645,4.54524425290027,-915.7909714737988,0.09934009487846909,41.36475465029034,0.292086856726882
1.5207392272998124,12809.576578115008,0.1001978175311761,3.0101951735635044,-956.0261098321208,0.11103145851687796,33.765445815442966,0.5556511710842006
1.374981330389158,13881.966164916943,0.10008936396934616,8.50973051039256,-794.7253461727169,0.08406718118243044,45.82067885092937,0.10745459310677284
1.3848170604014327,9495.260188364971,0.10007624941861461,7.301521349516831,-846.1556869245063,0.08846655518171033,51.42917578179594,0.1873508330731998
1.3760656183268654,13773.682777761876,0.10004820292541959,8.932991341833947,-787.4989347897277,0.08315202901101681,47.03313501632025,0.10404277895100131
1.3925290479759442,9521.382766546547,0.10029939938656562,8.71763958324078,-819.462225747221,0.08501420290860766,56.82001270972226,0.17389478839203862
1.3172657693995524,9007.041916311962,0.10164951537513187,8.872177104847614,-810.5567410732365,0.08390679389394547,54.10282734824988,0.13496610912477167
1.3724812044519183,9000.916118763791,0.10001861135329984,4.401141525914707,-921.2603607365845,0.10022167474466638,41.01969039086266,0.30933397618422176
1.3810251341425712,9133.20523720521,0.1002218097246226,8.985524995745903,-818.8330816912558,0.08452876245238986,59.11883625907022,0.18548085712982712
1.3457579648438356,9139.922242453076,0.10042328138855873,7.900822358608579,-832.2123929889577,0.08654122614642498,52.47435908406074,0.16260312332977525
1.3007166695417103,9178.361373073341,0.10073849210274256,8.463610016563678,-812.4962551285269,0.084458849308842,50.56948596560781,0.11759097467094222
1.3006401581019986,11547.484378340021,0.45930119720929463,5.066457702066843,-720.2097417157485,0.09162776961210942,28.85352236107501,0.08971245840340786
1.454696233283765,12636.910174060578,0.10057193458163309,3.876074272264516,-916.0256186250165,0.10259102905256207,35.06170992462036,0.28346383751496657
1.300145172864481,11016.618770370565,0.10170192390853633,7.394738227322535,-800.9612853170277,0.08560080853568802,37.89496206677448,0.057695671643424956
1.4563155840633764,13997.792256814657,0.10002204954426597,3.2811003320895615,-931.2961970254864,0.10723256239170297,32.27964041066791,0.3759906851125013
1.3004017006198554,11546.595832870269,0.41484114779594944,3.712321714177741,-754.1351809621967,0.098894374252107,25.347695734014735,0.11395790966582225
1.380440243804079,9242.748559328378,0.10800602715584988,4.0495136141200385,-923.8045453948397,0.102174212011103,38.70157463102491,0.31778418137223313
1.300170483694759,12707.378172406847,0.5589384497321986,3.434045609707526,-709.7449462459248,0.10019403432367355,23.901624934876036,0.14106462214318435
1.3781293151904626,9013.488033217316,0.10011513877736128,4.7274039868996205,-913.3098892579709,0.09854059218594602,42.78395454318425,0.2980030939793784
1.5153030480028717,13187.894843876473,0.1026261705160368,3.428319105027944,-943.7435471439355,0.10707014751017833,35.8849405523254,0.49006659022007015
1.3043748668483897,13211.187663379897,0.5937703399341847,6.191050632785883,-666.5942945074562,0.08731955522845121,30.862820919285053,0.09522248054360592
1.3829806074318947,9142.840330593352,0.10000149208670225,8.50457623790727,-827.9970017844734,0.08564702270327681,57.57885272506938,0.1933412731240874
1.3011702652089268,12264.173233246516,0.5524038947779443,3.036272907543547,-713.3679283410555,0.1036865364720422,22.764563406501917,0.1537691268919446
1.3019120521914465,13626.938868896743,0.5213375078319907,6.57688954014054,-679.9348509360427,0.08637170144552266,32.0482468789576,0.09094807045668744
1.3446436291547446,9052.517914738753,0.10005024191160666,8.99692019304643,-813.1677231859253,0.08403447939293279,56.53356621821113,0.15454964135479468
1.3718150930586148,9298.279122251957,0.1032575196129351,3.0997570870156324,-944.7278948844671,0.10963229445146228,33.19260006129791,0.3801241146396244
1.370736796307641,9101.737516280748,0.10037986592777355,8.643760401882572,-823.5531035810465,0.08517442798471037,57.26379198734122,0.1810867757568746
1.3006390616134416,9046.850381649243,0.10067172766452191,6.525270861704223,-853.2555882136718,0.08983163451443207,44.97324726532497,0.14641603524280347
1.3011512816480606,10928.186582390204,0.5496309567500759,8.98021077324893,-641.7899582266817,0.08087992839385347,37.25172336921097,0.06275361444812229
1.3734070172593158,9016.753544299061,0.10018383710256135,7.054297401334379,-857.2927783974804,0.08943318010098689,52.25310625754766,0.21657834644944443
1.4939232927485622,12372.678335057808,0.10044716486852905,3.4781256922605577,-937.2637978669098,0.1062546866520161,35.12721052697814,0.3937020015855709
1.3724812044519183,9035.96308562547,0.10001076999174403,3.1779920686185266,-950.4370805791286,0.10924909479390342,34.53117590702771,0.41323475808786964
1.3043748668483897,13211.187663379897,0.5903269060668714,6.084547342655923,-668.955850703287,0.08765178602184132,30.64450987130756,0.09627401640034425
1.50599419301748,13212.119734369355,0.10001749308159037,3.102762478973458,-950.0669501523956,0.10984381245069028,33.65851422145108,0.5110392666261813
1.3012950499945346,9082.586479020498,0.1051617053359988,8.978231603104813,-803.3192734496347,0.08337396742314482,52.62961914896369,0.11853082236690668
1.3734137368009363,9017.102400842788,0.10129646217484306,3.2652380839431485,-948.5997685965891,0.10844585707429633,35.11470736465304,0.40752886488115264
1.5199683004365598,13245.107190343493,0.10003505544387095,3.213442733140536,-951.682820460488,0.10904875811406936,34.928272914134176,0.5390081130555534
1.4895653049845166,13559.014323018331,0.10222768257020981,3.041952107183224,-945.1637397429317,0.11011710389723901,32.5395741495089,0.4841121727715773
1.3786410643494167,9252.632756513156,0.10001435183346072,5.156916917919083,-898.5761452306361,0.09621451090240123,43.77091921458025,0.2553508027170345
1.5200857449051117,13852.382274744967,0.10000001973894096,3.688436832470195,-939.4874036726684,0.10516820693292923,37.514599358879344,0.49677049071095497
1.373854420938832,9127.279050659157,0.108381144552558,8.622664210006276,-821.0288236785669,0.08522929855077427,57.13720422128561,0.18349714474540954
1.3007166695417103,9178.361373073341,0.10073849210274256,8.760907574324326,-807.1510659963701,0.08378792441369365,51.46507488345954,0.11518126473036523
1.5152866043748758,13773.682777761876,0.10000726381429645,3.2263297340846613,-950.0966179653624,0.10885344488949888,34.773562642204205,0.5461006874928699
1.3564067343631185,9124.525985083763,0.10000401701247387,6.728929859809332,-859.0016566667356,0.09005168708520123,49.20410026465611,0.19376620863533858
1.523093172063444,13894.354809128901,0.10000008971717912,3.1842967699604956,-951.7611858672614,0.10936853905851023,34.76335677915689,0.574412725381754
1.5205499417595638,13986.470292902737,0.10001923414774115,3.8127025345143863,-936.0058131542579,0.1042759793482619,38.15890563728718,0.48682740555571546
1.300170483694759,12707.378172406847,0.5589384497321986,4.959963092253622,-692.4410997285793,0.09168590885654318,27.989718933484482,0.10343557902123555
1.3073470393121809,13323.765878293354,0.10572882630254571,4.234911646390535,-868.5267449809443,0.09763409737038335,29.13903999662419,0.10846961260333894
1.354058489045885,9161.182343719094,0.10005024191160666,8.818876018223579,-816.3250669432265,0.08448598275828084,56.09148988728084,0.1584358791930807
1.5155548374439038,13792.031185450172,0.10000726381429645,3.1366748458900844,-952.2755485779904,0.10970732672515178,34.27962118132713,0.5641118682935288
1.3569660370209307,9022.84950411314,0.10211913318881478,7.77525561200147,-838.1678193040991,0.08712994101003588,53.54439553828715,0.1838777829581251
1.378201119908537,9042.970915390844,0.10059052826867362,5.1505872121432414,-902.2796517837924,0.09645372110785617,44.644107559268356,0.27710776724082276
1.4463646562492425,13881.966164916943,0.1051566309198937,3.325866890802412,-924.8355940100847,0.1066113473854277,31.999377042467184,0.3455911430407004
1.3021048360960965,9053.150124188365,0.10077313858640835,7.010279563215673,-843.10187780378,0.08833611128246076,46.69191113714817,0.1402093529089246
1.5198897542714176,13622.303774220463,0.10001511073153246,3.090421434933055,-954.5726672227413,0.11023526046831404,34.21228502710668,0.5795182059671184
1.302388125757288,13503.84013676733,0.11648169142428036,8.494839529177968,-775.9034535347407,0.08293941564740795,40.38635918270162,0.06617199297973722
1.4632279333926623,13727.772701449274,0.10002012366614836,3.0034767273857126,-939.1101672350861,0.11003820612671271,31.17738093091418,0.42044991567905504
1.3848170604014327,9522.969517019408,0.10007624941861461,7.301521349516831,-845.6742973301875,0.08843972040391812,51.27725321740125,0.1852645309896288
1.3636054271069638,9144.30261650579,0.10052797875222128,7.2443694777006185,-848.89559090367,0.08859429912925186,51.51665910619757,0.19084971429007663
1.3084574527471233,13860.15111696355,0.4073141939156979,3.001662826084168,-764.391698400914,0.10494712599425912,23.38309671516495,0.17743455672816763
1.5159526703132464,13468.729629165884,0.10000041171535651,4.401141525914707,-918.9753886481869,0.10051168167587353,40.88393168060664,0.40055945964595574
1.320652682234913,9053.459305867622,0.10047425211881386,8.991909171079701,-808.7341891515006,0.08366469580510985,54.499131987836506,0.13401863210248857
1.3948571595650314,9290.699150724111,0.10004353010272529,4.859649112437337,-909.308716642437,0.09788523365885612,43.283479213528075,0.2909791405391101
1.3777570167904636,9200.059170829629,0.10221628314933354,7.916636121989403,-836.4499013901973,0.08694953495298598,54.693079859953805,0.191829846808102
1.3141130053880097,11198.199177953216,0.40261061068617965,4.751601300578702,-745.5861125228781,0.09348743868275246,28.991735675235287,0.09816297138382785
1.3248740305982594,9422.61010522132,0.10016681732125382,5.82949080398122,-867.2814573814463,0.09234075234440281,42.30113613231556,0.1574124205311188
1.3005317731787587,13162.107677093743,0.4492930246816746,8.75691177942996,-668.6158472367753,0.08145765859739669,37.14757777091095,0.07035446206941572
1.3001782290111632,11181.623305321607,0.43714973578610616,3.679439716884092,-746.8643612981366,0.09899402233328741,25.1443738651068,0.11227794014144285
1.3096679655393861,9290.601055767433,0.10041133400665442,6.243718208448984,-857.0510434970191,0.09071424571074954,43.420279081087955,0.14438280939116535
1.306695651850184,9201.53793239178,0.10787692649969527,6.732702980764007,-844.3508972962785,0.08910330967710801,45.22063830501153,0.1399512599259612
1.3060354542549724,13636.83246061285,0.37305171745078086,4.125887754591025,-764.0324442582437,0.09668697012279577,26.981734780502265,0.12656416358607483
1.3163286065913398,13326.822494977096,0.585105992863935,7.639831080104455,-651.033488683171,0.08375062249805673,34.6569764882906,0.08959093993584168
1.3082347912202772,13458.865130980987,0.3839488935446085,4.5832017880563205,-753.4353436848932,0.09426082846009598,28.31677853480246,0.11624776227237633
1.3000487233868065,9487.890635394757,0.10002481807335561,8.862072540150143,-800.4721608497861,0.08331260414154418,49.93987963399691,0.10025565353875474
1.3085185482967634,9351.654728322945,0.13825920497169125,8.456555964810608,-797.0852503816002,0.08434267314795296,49.524769997581956,0.11660067941189199
1.5184847562542532,13941.717058886885,0.1000201828248646,4.16975858780938,-926.030797142954,0.10191699955516229,39.89035637879262,0.4440680030468086
1.3718536315545597,9029.063496496776,0.10001381602973272,4.226194611936924,-925.1033349318036,0.10122012598226325,40.02701762223382,0.31571618698729853
1.5204242595830766,13319.011527193377,0.10000726381429645,4.51261269846131,-916.7841927957994,0.09997635619776991,41.65206734732882,0.3965110436329431
1.3043941915907502,13532.899159092382,0.5661235003113622,8.726616182147232,-640.1158115529977,0.08131342415500561,36.289156578797716,0.0772097066432745
1.324950867070614,9080.631757595347,0.10213023716377385,4.521945856172732,-904.2542859167319,0.09856499790163548,38.56562016108915,0.22028240836929935
1.3127626005411803,13323.765878293354,0.3791030449091495,5.04276318773862,-748.2096685662158,0.09229879805113977,29.813851058738965,0.109516816905043
1.525755469601345,13916.22602662398,0.10001224821978347,3.5774071459761063,-941.238892745546,0.10607769417218421,36.96258030990417,0.513537894310638
1.3003740849509844,13723.877216561747,0.5329380567062924,6.733760394680524,-674.3579335046131,0.08587467731269244,32.22817741231676,0.08965801321336302
1.3434993896655976,9289.059592142621,0.10004402093292063,8.53621515006518,-817.3984531936798,0.08485543506147906,53.54387991762844,0.14415515299420803
1.3776250859935804,9493.52567748749,0.10005753111281795,5.020523426356421,-897.2372122815382,0.09656423197899755,42.05460552967931,0.23515131955687335
1.3001687143131577,9158.622175276592,0.11095996867402183,8.651447284324638,-805.4627458600522,0.0840088804166773,51.02387149772547,0.11710270680351106
1.3070962469758398,13747.404435476223,0.5221593025270064,6.7725722258059875,-677.7124331541132,0.08591605296092035,32.740100409072966,0.09307275372524808
1.5194334697947478,13611.194442057797,0.10001022221597505,3.1168804261390104,-953.9227384317034,0.10996637618206792,34.350923100965524,0.5728003268007561
1.3014349769503604,11305.802673516626,0.10158514080938735,3.8575573253002773,-877.4954098117794,0.0998748085012862,27.68541961687622,0.09558280136340615
1.5152866043748758,13773.682777761876,0.10000726381429645,3.845845149042178,-934.0071191811612,0.10394642143220988,38.090495241793796,0.46110623788490507
1.3011702652089268,12179.721408009793,0.10035221108057846,3.0013141984269316,-893.8469002633141,0.10692545823246499,24.5388758017013,0.12903682648960385
1.5087176282247883,13835.872005614083,0.1000201828248646,3.2811003320895615,-946.7792457438163,0.10823759808172598,34.76292191867226,0.5179979304854341
1.301286836393509,13338.918939779636,0.5023253014863494,3.0334953890044076,-729.6882287142026,0.10398115524376797,22.910965970717807,0.16581136117453146
1.4058212687226836,9720.495506497653,0.10006949618941371,5.844457447660281,-879.2735894854717,0.09337341657850533,46.24303589207998,0.22703756199165487
1.3046955202506192,11181.623305321607,0.3814158938858889,3.6957572100512293,-766.9113463519627,0.0992651526635754,25.632420270727298,0.11288255066538576
1.5112760885327465,13832.64372007725,0.1000449573887148,3.5016553840382767,-941.9970412530565,0.10642971340680223,36.08471600282948,0.4938850437132464
1.3001112267738317,12736.671386510341,0.4781842863378743,3.1108814560841536,-737.3676366052506,0.10333062575332155,23.204858533362238,0.15120342978104412
1.5152866043748758,13749.362739668422,0.10000116337808494,3.5159775929602595,-942.8341372193447,0.10639577082402285,36.36907530296586,0.501177130924677
1.505586524064358,13835.872005614083,0.1000201828248646,3.2811003320895615,-945.8347466364673,0.1081808564383277,34.61347771175509,0.5079439247562404
1.3750133259673094,9023.609142398484,0.1000193811835061,3.154073298526,-951.8787440667573,0.10954828073626988,34.548840231157364,0.42493962932364293
1.5043769205841244,13261.100455179387,0.10019432722600556,3.2105740121601336,-947.0383685150231,0.10879085101338844,34.18425629610252,0.4907831912386416
1.3748558588698747,9177.61230592784,0.10029939938656562,8.71763958324078,-821.7558762352786,0.08500955663036286,57.40585411657049,0.17917707709434613
1.4062895060251837,13844.264781993264,0.10021348643141133,3.425615328661205,-913.9784039870353,0.10504015234165211,30.65441423151939,0.2579953983468819
1.3002475386061922,11072.604037042805,0.22108080689322096,8.714061460193967,-735.9735494206029,0.08210869671070511,39.52688311103669,0.054840029376204816
1.4948584906406879,13524.046294695592,0.12054007401414545,3.7677589342697186,-920.205191850003,0.10396180724617766,36.40983830338689,0.4084686886923155
1.3006036404935297,13174.455340171597,0.4074801091444259,3.1167758346911456,-762.1505809843794,0.10366977463064857,23.494869013595054,0.15310082108140927
1.3337621114976062,9143.209155486747,0.1006632834497447,7.2366120263327165,-843.0424568149888,0.08812268484462572,49.262160211244684,0.15987044265326564
1.3019120521914465,13952.430790338361,0.10844973806453984,6.607912728249286,-814.0830849632291,0.08781186304034716,35.75889118788536,0.07994795526271425
1.3001505300126364,13396.951094810709,0.38209811001020555,5.343827220984724,-739.8714082677825,0.0908624715341076,29.984177439484807,0.09745929349250813
1.5184847562542532,13267.161426496441,0.10000375644121082,3.7378891103426954,-937.8540730993503,0.10476478057238561,37.72266078533797,0.46291459199444424
1.3030708036781353,13324.145874835493,0.4162667427093431,3.0500336145255145,-759.8035236092408,0.1043098275289785,23.329129350468328,0.16156218063369035
1.4871535056796346,13901.1575778024,0.10141971167361201,4.094528437732786,-918.7387885233891,0.10179177897961585,37.758277220363965,0.3693870568368389
1.3071321571638175,12321.999220961752,0.5314266161302479,6.748413378179132,-675.5808870661664,0.08594774024890661,32.66763453003201,0.0830407413203184
1.3748890001672331,9210.081961343476,0.10029087356532174,4.99951549614897,-902.3441485635636,0.09692323569952865,43.03543568030452,0.2603003497770153
1.301008615218486,13406.420813339084,0.5996469779168152,3.8292562363973177,-694.5886124829838,0.09729036780037868,24.889841441587194,0.13821973652908706
1.3141130053880097,13472.549899843001,0.3841962294454854,4.749063992707175,-751.7276377368031,0.09359853068096817,29.045093711595783,0.1176142400834282
1.3588651310972253,9111.47933004543,0.10002621316418767,5.021025797020856,-900.0133652051837,0.09662906124357408,42.58166922162015,0.24483132541033095
1.3788089067448552,9298.279122251957,0.10028580681374376,5.71271400649377,-883.9541269537406,0.09382833708457086,45.915733963372936,0.2322610575262867
1.3003288313568877,13472.059177935109,0.5947392180580896,3.2136117917284217,-699.8369823526617,0.10185399985831962,23.12647754452322,0.16236425067945104
1.3588651310972253,11366.561415541284,0.10002621316418767,8.097587804314514,-799.1912415983016,0.08475109629748855,43.65953583119687,0.08113673748068286
1.3770355687006355,9035.006888737556,0.10001525507415178,8.948184498982473,-820.4382779686463,0.08462763550679626,59.25813459725138,0.18868014958305776
1.3297208955491355,9046.850381649243,0.10136608320905736,7.978586662946836,-828.8329236545251,0.08617253802864434,51.99502003007914,0.15263834007723348
1.3051940893976361,11331.22121990615,0.504982507180292,3.392992469671384,-728.0701414552418,0.10085356958723442,24.185106108941604,0.12940354834495582
1.3780159664607825,9052.517914738753,0.10010771846097716,8.973880287802013,-819.8376134720658,0.08457224355017147,59.320269263416435,0.1881643126582522
1.3027352246162511,9493.273761118831,0.10773102077422339,8.968887177596116,-796.1136979489216,0.0830999757976611,50.28734651378144,0.10127958423402789
1.3000001195932598,11698.417125571661,0.2164896026766794,8.996953101350549,-733.0524247326543,0.08154076045436966,40.156000542063666,0.056361022537736574
1.3023629637576284,12422.306490954257,0.5850165719478544,8.55480227412949,-637.4377308770172,0.08156357425513124,35.7237070977003,0.0706561544564742
1.3070397738128283,9389.418112623784,0.1002850236085993,6.883379409082743,-841.0901266734897,0.08850806867114498,44.919310838631326,0.12740907707306487
1.5057251274867127,13717.776601151023,0.10105666001351453,4.885619342748255,-902.6890665847646,0.09782191177024054,42.47491635616676,0.35249817730703126
1.3013037564080603,9745.22567592983,0.11260644207759453,8.759194750349053,-793.5750882022313,0.08333098695763538,48.07388709885161,0.09188581707068735
1.3013960536387545,13339.543442802391,0.5993885198443646,8.50808031030217,-634.4798401805627,0.08161215632590023,35.43008896289832,0.07638918720145982
1.3964840930928601,10058.653077600222,0.10154190543958086,3.015017728914877,-938.5798444234813,0.10994875720569054,31.42565866982904,0.3318390360270518
1.4973567875565084,13401.751988523865,0.10000726381429645,3.2263297340846613,-944.6523421120032,0.1085213785013024,33.93888165401449,0.47285950901320956
1.4094022132464068,13283.0357473633,0.10001184754210996,3.2890798348278047,-917.8701931149035,0.10625878476600459,30.197710785750495,0.26099572916040736
1.3525832502494082,9438.042022417943,0.10016256020816039,6.6828804800051405,-853.6454133143145,0.08985609409050496,47.1544771596632,0.16791976807399708
1.302803006586644,11303.674949730164,0.10147557084782349,3.6048594822812303,-883.2177928762917,0.10169122641436144,26.86773854048638,0.10248078140413354
1.3743951099538796,9268.020273937638,0.10088716693944584,6.700788980482193,-860.499338807791,0.090304443780907,49.642775650634796,0.20443266529226034
1.3002944859328092,12785.903483306294,0.402267017376018,4.204561628827557,-751.685835115171,0.09598722022049426,26.82675919008021,0.11293718591784868
1.4749571243128465,13475.508859756395,0.10002204954426597,3.2811003320895615,-936.7146392515215,0.10759093005619341,33.16732739889516,0.4053582419395713
1.3829806074318947,9210.101357065309,0.10000149208670225,8.457084677127419,-827.7654853324276,0.0857108855250836,57.01056565392818,0.18906826894395304
1.3023629637576284,12422.306490954257,0.5722235022766212,7.46448251979633,-654.5221766603929,0.08393463357607753,33.638938938528796,0.07678388939308746
1.381847225970499,9033.18496173927,0.10073849210274256,7.777911629987495,-841.87307916139,0.08749475160548735,55.260260194782994,0.20727491248929647
1.3488031281136117,9022.508284965164,0.11506321661520855,4.6964526433577465,-900.5987119974291,0.09807185096121213,40.75523929186818,0.25409209512453457
1.3783063736944334,9072.099998545635,0.10017253199835197,3.074139257191649,-953.2938115797691,0.11035679710593858,34.07950986314099,0.4366689630161332
1.4463646562492425,13966.185006922542,0.1051941978912955,4.410105194895019,-897.896590067702,0.0991967345750556,36.86936602614067,0.2702049747086945
1.3006712421510547,13723.877216561747,0.5322119220494675,8.813956209455899,-646.7670153129012,0.08116032090127827,36.511663334235486,0.07543574818188063
1.3627765657254058,9122.072860230024,0.10002621316418767,5.012775179953344,-900.9338346702372,0.09673031656650373,42.7387321640726,0.24997847336711648
1.3672449109641285,9204.237992768078,0.10214270003506765,5.306433643313051,-892.1468525233313,0.09537536871598333,43.87794834918598,0.23777867231102665
1.3013960536387545,13314.883119372951,0.5993885198443646,8.50808031030217,-634.4797029714435,0.08161197828767111,35.43095508769782,0.07622903558398147
1.300145172864481,11016.618770370565,0.39027265484406426,8.993839346612061,-681.31308920128,0.0811159593113874,38.27172488981776,0.05690738425823656
1.30267042008368,12474.474688114806,0.5721204126782492,5.8167365911313365,-677.226645591291,0.08852036602379812,30.077956606593972,0.09189384005100562
1.4838690452453334,13995.2274650296,0.10000002630001024,4.291755664438455,-913.2621001464116,0.10057113424711034,38.50578137379506,0.3502951148105563
1.389489728011702,9348.849274567254,0.10011513877736128,4.7274039868996205,-910.2806111696268,0.09837798832321186,42.09898443827461,0.2812237782646541
1.3005317731787587,12815.75629904269,0.4635548696668301,8.75691177942996,-664.8719433146304,0.08142114384950724,37.0296116811768,0.06863182422481154
1.338291787659071,9153.762004376413,0.1002000246054229,3.6175752538940307,-929.1267644297237,0.10459813357191518,34.8434317447105,0.28161742241110643
1.3804725674270326,9118.139537223004,0.10010757977704673,4.660962519615282,-914.1953083010725,0.09881720894148163,42.23256814295162,0.2954833743754895
1.3000004957010851,11326.266767767938,0.5881145272452915,4.890362354082255,-685.1970290182355,0.0918629578823542,27.695223252791518,0.09427621392076481
1.3590890024229247,9218.142566063278,0.10335137416017183,5.7798553433668705,-878.08992163331,0.09329171786893864,45.21878735721057,0.2115671435795673
1.3038338889340546,13211.187663379897,0.597818321558282,6.191050632785883,-665.4644029086027,0.08729713038411817,30.811257986058273,0.0950062019539049
1.3070857220402343,13323.141776534696,0.10703554314067328,3.681846480901245,-880.0173295975701,0.10117488963652822,27.24008244308879,0.12230132443366445
1.3042224112284102,11067.090305492864,0.4768753798156879,3.4740277013315475,-736.4474567038313,0.10034331350146831,24.51008040499718,0.12197528838029291
1.320147700208868,10823.943641956475,0.10005024191160666,8.998849143799651,-779.6058150181653,0.08231532421514061,44.25843142055578,0.06327897997950219
1.3067629803136056,12102.657103058247,0.4648476018963297,3.005571677267475,-743.5809276841048,0.10454299279238442,23.154242172049557,0.15440747772391575
1.489574694782655,13534.608243096527,0.10008686275510331,3.1342288313455002,-944.334275716712,0.10922626553948256,33.06589916212431,0.468166674810742
1.3037679990323219,13179.857809795525,0.5436077546002793,3.5591437149032417,-714.2914272991571,0.09940297130852754,24.44932374003303,0.1446332754388495
1.3082347912202772,11184.416808376804,0.4023632747853027,4.161624224079346,-753.829712300308,0.09636151671748597,27.069869215168705,0.10525302709989687
1.3729728473337386,13941.717058886885,0.1000201828248646,3.4716895419137295,-904.2140088291503,0.10404883528990311,29.350381925733977,0.20737891119743146
1.3672449109641285,9091.484189718934,0.1013080942302285,6.153139431593854,-874.296779627867,0.09219112255605741,47.90106344127938,0.2231620122887151
1.3907162503136197,13633.60288456824,0.10028303179178573,8.585441412054921,-796.2744672181744,0.08412480299091482,47.22799595818629,0.11546499409955903
1.4347393082823354,13881.417463353007,0.10039493288222162,3.400380228467873,-922.2772476844864,0.10579186405602083,31.851908637875507,0.313107846395922
1.3303243488255467,9075.142985529681,0.10000156712338991,3.21336681530425,-937.3560981418207,0.10802294360932413,32.69857356506793,0.3107982148777162
1.3027775000304862,11038.469181214718,0.11381734844625076,8.780184821508788,-772.0797814726047,0.08232754847295255,41.23721640831885,0.053067899044095236
1.3027775000304862,11033.469713888368,0.1148562358920772,8.757177877298965,-772.0911617404512,0.0823737795432527,41.17069457588816,0.05315879795589701
1.3240801156536177,13331.03086844552,0.10098834000717144,5.265046552500967,-850.546178812345,0.09296857840126692,33.296575832217755,0.10193831562699356
1.512769695988286,13151.986524573404,0.10155033662260611,3.3913075435530065,-944.4721440654496,0.10733422513737095,35.56792836811091,0.4855324336502192
1.50778980768772,13980.413909768766,0.10000163990860937,3.031315682058492,-952.1866073652982,0.11060516600080582,33.312412525765836,0.565287571864599
1.3727082694794108,9227.713996303693,0.10000401701247387,5.286630536918015,-894.4167006033707,0.0955478164993883,44.06410687339229,0.24392331378953985
1.3880624725190773,9417.142560682618,0.10146190379330157,6.687673361787915,-860.8236945874032,0.09043324321537104,49.801131652666996,0.20939924937672288
1.3672449109641285,9094.655603622039,0.10063637803225593,6.6590174682516245,-863.0728511226614,0.09047533875266016,49.867182141120026,0.21063962162561892
1.4881197038332072,13206.760365512137,0.10001034133844629,3.154073298526,-943.4939138307284,0.1090051890601541,33.116113926470184,0.44827908537062056
1.3060354542549724,13636.83246061285,0.37305171745078086,8.999422825688452,-686.8567432878223,0.08124791310549563,38.7057514916128,0.07272957185276085
1.3012310245034828,11072.604037042805,0.10645988168265101,8.287382779471232,-782.9790292450608,0.08340870427207563,40.07166357077965,0.0543852151846355
1.411589212227035,13053.920236648784,0.10037986592777355,3.4614427461065587,-914.5172709335362,0.10483522818013455,31.072391252802642,0.24706880159668934
1.3546691169980156,9053.29694080364,0.11079463113503814,5.361564733051267,-886.8755401597374,0.09502150543420244,43.87549945395615,0.23324018454732776
1.3066199098770168,13973.947365362228,0.522234336368389,8.710621537695221,-651.3721599749975,0.08148217370893106,36.74391154772642,0.08040125700078402
1.410032212860223,13689.891012976042,0.10155824939420423,3.280340667096625,-917.4542120588997,0.10634227249668508,30.1660447611387,0.2722593258142849
1.330400942829181,13472.059177935109,0.10525687613201673,8.24353236992385,-789.3456946700918,0.08398222966501571,41.855387593727706,0.0799732401474264
1.5060112506547956,13524.357137175079,0.10656377040285317,3.6468809243718807,-933.3926827852207,0.1051579899486552,36.52314850497926,0.44917278310025255
1.3737261231222517,9016.067237561641,0.10000289168381148,7.722224647981202,-843.5306212524107,0.08754264249749695,54.76124237861017,0.20413630614804698
1.3023054376655767,9036.783661886106,0.10795218021595265,3.2199310813523163,-926.5415074295452,0.1074031365890832,31.560975689039644,0.26667110165730884
1.4759092632241757,13442.91992830701,0.10040324998932824,3.4084910479413417,-933.792640182925,0.10651657103974545,33.864392778761335,0.39208273518251185
1.3005322987649912,13921.88486262444,0.596907142967855,8.796250660448628,-631.4439079968998,0.08105259128041714,35.93118933779299,0.07820305026605386
1.3025284915276205,13264.309142751388,0.10855107851251097,8.946714573519852,-771.1656277742504,0.08199753894684159,41.56211674259191,0.06270383893357259
1.3640618104251065,9075.844821168608,0.10052797875222128,7.172568563238695,-851.6803675331536,0.08887325528811428,51.660633743980156,0.1979705910955717
1.3219248532634396,11796.416198149414,0.5213381712577385,6.612985064558721,-682.546788340479,0.08660443768901299,33.23675396855251,0.08838493732022175
1.300145172864481,10749.624812806742,0.10168991147031309,8.979517696974272,-777.1434063123339,0.08210899665010077,43.1514377383778,0.05780124901242094
1.3270285680042226,9796.3868098403,0.11701604800822916,7.369414765946599,-821.3973835400456,0.08704813814282529,45.533529394050426,0.1171708168602209
1.3768881702540403,9283.861491253972,0.10010757977704673,5.249321852600329,-895.2254901304171,0.09572985301125306,43.91522378918605,0.24599544979077764
1.4441947004181532,13995.303150931772,0.10040340301760473,3.518880787845992,-922.1432955626236,0.10500621531136031,32.85052445211926,0.3249902366648092
1.3029190865948364,9389.418112623784,0.1002850236085993,6.883379409082743,-840.2978833558548,0.0884388756109134,44.639199025897796,0.12427610282962398
1.330400942829181,13472.059177935109,0.10072272648980887,7.858517216064955,-798.0787238193151,0.08491263874725964,40.940606133413795,0.08220085121525231
1.3014181607277633,11748.371035024333,0.5058749910320421,3.395026800466985,-727.004872587265,0.10076388288115806,24.042115058778037,0.13051283447643341
1.394784379632977,10058.653077600222,0.10154190543958086,3.015017728914877,-938.0913211983222,0.10991788062996458,31.352698077769983,0.32836878050981616
1.3156064490910895,9499.761504761442,0.10564519198650131,6.6881647105664115,-842.7631301554462,0.08913625387077029,44.2313301131738,0.13111282696846605
1.3843708448552867,9099.780307416298,0.10001775067440477,4.965077883673494,-907.0344922279377,0.0973781070229337,43.88087835084484,0.2871450513733813
1.387876375625714,13894.354809128901,0.10000008971717912,3.274891851631352,-912.2830769099019,0.1059783831779182,29.168968216420595,0.2402243751933561
1.37744777631356,9367.169656543581,0.1000048027728259,8.00296377762556,-832.7378557139689,0.08659927651140403,54.05187782719582,0.17794714228722436
1.3048995024238603,11601.547246068512,0.12393450687094121,4.242407220724377,-859.6317121483623,0.09741620327109513,28.949675907543003,0.09329133768502018
1.3043643656316706,12676.81032012599,0.5660022188676803,8.796776410673878,-639.2706845052636,0.08117507558348543,36.457538804018974,0.07147446679083375
1.4189537657175615,13324.145874835493,0.10240801823136957,3.0500336145255145,-924.010718321015,0.10866992194374496,29.476045904419575,0.30057895526968953
1.5132036338590402,13980.413909768766,0.10001022221597505,3.1102477380113136,-952.151172009606,0.10992678794354285,34.0154625536901,0.5700230667894567
1.4198106691458925,13324.145874835493,0.10240801823136957,3.0500336145255145,-924.2561695291154,0.1086870913556075,29.513098098331152,0.3022698290447116
1.3532807462837957,9179.381974721,0.10122079450732963,8.90720233185685,-813.8431142968892,0.08426197107885601,56.17982798822198,0.1557218313747908
1.3173070644970482,9314.794778778025,0.10015736689966465,6.6881647105664115,-848.5734099077919,0.08935140448614971,45.34527208298239,0.14258263835311244
1.3829806074318947,9210.101357065309,0.10000060146195136,3.0808736637321457,-951.776815308386,0.11019223006907763,33.891289175218176,0.42398404384191524
1.5128211448171447,13870.469501030353,0.100021919191565,3.0019909594822622,-954.3560675549817,0.11099861765147837,33.37232391036477,0.5838705308761539
1.3054443109552476,11218.239468429025,0.49894334099746535,3.426260533975481,-729.8400697983809,0.10062589237318253,24.3205478146684,0.12701996501386612
1.365920138424018,12674.267898467195,0.10001775067440477,8.182313879028316,-798.9759437332749,0.0846613608554663,44.32713777290262,0.09373039404973386
1.3798533185285755,9035.006888737556,0.10001435183346072,4.827951699799357,-910.6721856156864,0.09804079095533703,43.25492969168266,0.2931918248187626
1.3712396569847123,9016.753544299061,0.10018383710256135,7.186948664188405,-854.0124909486987,0.08900180631230549,52.58624566857938,0.211073353794736
1.300170483694759,12707.378172406847,0.5022565850589569,3.434045609707526,-727.6510674301601,0.10045957594012316,24.112085721122956,0.1383777945303478
1.370736796307641,11070.822127513356,0.10037986592777355,8.95568035358811,-785.987205565312,0.08300610485764745,46.82990521714165,0.08039072669112271
1.5077362490179493,13906.985419681432,0.10000002630001024,3.9252549895395354,-929.7029121393642,0.10326337544962672,38.0757811628096,0.4363126647660304
1.3000996452023093,11179.40848719513,0.5581396293623772,3.2496926866115605,-710.9111584665949,0.10168321738522816,23.378911613494708,0.13120083593959775
1.378201119908537,13782.45324576317,0.10059052826867362,3.0101562993112703,-914.1416792292752,0.10833643545023598,27.591049141612935,0.243499101959616
1.3138695019931956,9084.905568696437,0.10213023716377385,4.075934752272684,-912.5469527550163,0.10098917450019176,36.00719402198917,0.22467453636399026
1.3718150930586148,9298.279122251957,0.10001435183346072,5.156916917919083,-896.1344751370069,0.09603884300582628,43.14074655585917,0.2405253375511227
1.370736796307641,9464.382085963704,0.10038506434726577,5.841603196457363,-876.0152400935186,0.09303158960729847,45.10846408046132,0.20370413140489105
1.3039696101735696,13712.608024005343,0.4991803917270718,8.637099693249944,-657.75196588316,0.08163217822303295,36.64639458033921,0.07714990994810653
1.42192712017382,13995.303150931772,0.10040340301760473,3.1148766423257728,-924.6978171021487,0.10811809874273719,29.91921870174347,0.31757817282191647
1.3739215134783782,9292.724973122304,0.1001636878852016,3.0908918772475222,-947.2231423046949,0.10979680213509757,33.28056204675365,0.3864988265490587
1.3014181607277633,11662.231636818364,0.5371939942709182,3.395026800466985,-717.0043062593735,0.10061425944340198,23.92701364410162,0.13100248594443323
1.3002944859328092,12825.609346282654,0.10858961286799743,4.204561628827557,-866.3429514434845,0.09765485539270137,28.703111397625317,0.10009898212385555
1.303213616418655,13364.076361093834,0.38163708724367973,4.5832017880563205,-753.2563337059921,0.09417807953066855,28.108632743742987,0.11153921726446842
1.3736792610234911,13818.525299450486,0.10020627414334334,3.203378474033732,-909.737317710207,0.1063560173235585,28.248946607135533,0.22255684811601498
1.382023186886403,9133.20523720521,0.10025676264921468,8.640880401339087,-825.3219531029071,0.0853210068063198,58.023778430961734,0.1911009964100613
1.5198897542714176,13622.303774220463,0.10004928603875866,3.000019687907226,-956.5138649162745,0.11114908379777094,33.68108389343794,0.5975652540347532
1.3683602594899569,9204.237992768078,0.10214270003506765,5.306433643313051,-892.4019793336815,0.09539560788463099,43.94891901718809,0.23939455939671236
1.3743951099538796,9268.020273937638,0.10005233748683817,8.183706603287158,-830.2893195376465,0.08618823135373051,55.006738252147144,0.17927257033393806
1.3064340571825335,12707.755839722035,0.10695513740774479,3.7448605035191065,-878.572826968197,0.10070991621136953,27.445515004360068,0.11389499919195219
1.3001463139766827,13130.598721756936,0.5991236732313117,3.0050199591643016,-698.5712908855832,0.10375519927542715,22.47507408153104,0.16822157739239085
1.3677183281228908,9145.17163546232,0.10228995991345168,6.234185182080399,-871.151472510373,0.09185976806055288,47.97362564839603,0.21718889520710905
1.300403130249235,13074.481213937894,0.5996663465651388,7.053906855245965,-652.8425450018179,0.08484577517033084,32.47710668128237,0.08392435002633045
1.3177361626764619,9405.211746546496,0.10113231538991681,5.240486915223466,-879.4896890408908,0.09458934380374348,39.727880539786256,0.16406775027558154
1.5077362490179493,13999.601370892546,0.10000002630001024,3.115907660663278,-950.3415923937822,0.10976751247597548,33.79382382041771,0.5504869332026072
1.3875227415130025,9494.194731653808,0.10015643185419815,4.379954313226829,-915.9873487765284,0.10007489419806116,39.78524407709205,0.279556765275151
1.3015745639342369,12795.488393349604,0.4794915075770518,6.454532854436798,-693.1923069076943,0.08684061966588631,32.07277014306462,0.08453337966991971
1.3052305186954822,13130.598721756936,0.5991236732313117,3.1411980696230892,-699.6231589725347,0.10257100379867899,23.07063889184159,0.1667568599000689
1.3907785699456985,9384.889950284167,0.10136735829070748,6.053786023093269,-876.4828098572287,0.0926675592147218,47.68239417576816,0.23138857402399873
1.3016874353446117,12800.304092951988,0.5241583106478396,4.204561628827557,-712.9710802133862,0.09544987574003984,26.278463465373274,0.11905385788601043
1.3560073944786724,9003.162849040515,0.10000401701247387,3.032220659441096,-949.1796089671924,0.11045037891172665,33.07171761798538,0.3973479642445153
1.3330552884497733,9075.844821168608,0.1006632834497447,7.391551322275674,-840.8849931032287,0.08773726861535658,50.10680047491809,0.16134336494287027
1.3067629803136056,12895.452734849689,0.42643068312715365,3.8964934881432214,-749.1450719412396,0.09778179977280971,26.073651839208356,0.12779544405187188
1.3337621114976062,9165.036833186568,0.1006632834497447,6.9584440570577435,-848.4796852773628,0.08892754284150191,48.18303966460947,0.16280765129934624
1.5060112506547956,13534.608243096527,0.10008686275510331,3.491717196037327,-940.6708236448729,0.10639698557628327,35.773082417420845,0.4666992477028945
1.5139648361801044,13986.489718332263,0.10502003406845586,3.2105740121601336,-947.4611816903781,0.10894044804741619,34.571656570600936,0.5558485702242271
1.420154958076918,13528.576959726708,0.10093512384794898,3.2630723864233313,-920.9439472410638,0.10670372689115462,30.55188476891107,0.2883333806263155
1.5112760885327465,13832.64372007725,0.1000449573887148,3.4134313624823696,-944.2555766324879,0.10714607479945833,35.60942715309397,0.50612728309761
1.3000133794987887,12815.75629904269,0.4635548696668301,7.940274035487569,-675.8529089035186,0.08309337662860326,35.32640066108613,0.0725941634295021
1.3099967438203004,11809.969162791642,0.10010528727499438,8.369395213476126,-785.421285020486,0.08338587564309873,40.91299057540813,0.06049456650437888
1.3001112267738317,12736.671386510341,0.4781842863378743,3.6279249996908907,-733.7752190587282,0.09915163462471188,24.7829648210876,0.13080729781742692
1.3011149187049857,10852.082585379343,0.40059822513799564,3.32781172375979,-766.2079967077689,0.1020667218994687,24.735530617677306,0.13047876050026727
1.3046955202506192,10791.842967100421,0.3817477625311416,8.521655576752586,-694.309828076811,0.08232525779984132,38.74411344343541,0.06682096780530854
1.394154380019161,10346.613802140464,0.10002340986864348,3.0137371370496355,-932.7581595695066,0.10952549947600224,30.425648460506917,0.2889421495052807
1.3040647897074558,12505.98644149641,0.14954240802323637,3.0917521790993554,-869.5033681878056,0.10567622385518836,24.718794863652903,0.1341923481354374
1.3098203466562706,11259.773490570267,0.5994003665615661,3.834392157482773,-696.2317381877323,0.09741202404402911,25.281379078096634,0.12252408344633119
1.5133224756080166,13773.682777761876,0.10000726381429645,3.7233898610599696,-936.7590732194544,0.10478467811537615,37.359638048543836,0.4697200573209333
1.3007543428017265,9073.247654672114,0.10171059350820992,5.634520174984305,-872.3754661431478,0.09299512666622574,41.64519881542465,0.16100479634799536
1.3019120521914465,13626.938868896743,0.5206951755187358,6.599618559913912,-679.7815624966912,0.08630932761393584,32.10250711445985,0.09070639291708611
1.311735893810479,11016.618770370565,0.5540162556224631,3.1623280161363985,-714.8950887794366,0.10269112404612375,23.545787665582644,0.14346770077495055
1.4441947004181532,13852.820326134595,0.10002445038224186,3.1835499177521713,-929.909009911115,0.10790175415665539,31.250148637490142,0.35444989112913505
1.3019820497785777,9047.605488363932,0.10057399005831187,6.612092676163442,-851.6724027490017,0.08957223958264494,45.36050706816792,0.1461765922044993
1.3786410643494167,9315.978651949881,0.10039532626954115,4.780217195241986,-906.7849072409595,0.09794467122483863,41.82774210475667,0.2644727576441008
1.5184847562542532,13637.517724080646,0.10002211507272679,3.233590635315803,-950.8890199394432,0.10884669286842748,34.971418467586744,0.5495970218484975
1.3127626005411803,13323.765878293354,0.377606016369499,5.005338548176162,-749.3381319849674,0.09246140111090297,29.722191145422016,0.11007090991284207
1.3748890001672331,9081.640695306078,0.10000966016582749,4.99951549614897,-904.8809772352521,0.09706854559459278,43.60355611219976,0.27403678964130407
1.4198106691458925,13252.152140235548,0.11170514538158631,3.0945040069039305,-918.7008491662691,0.10816977861655223,29.662322652537366,0.29744462775445374
1.3177361626764619,9405.211746546496,0.101142974529834,5.240486915223466,-879.4849728170423,0.09458928620423368,39.72768322209084,0.1640675956745632
1.3134087963148935,12419.249866803599,0.3706645155101064,5.0971202617992954,-750.1830341919581,0.09211840828874522,30.071047447818156,0.10083885033042776
1.5184847562542532,13979.041812446101,0.10001126479449277,4.16975858780938,-926.0359910700975,0.1019178654611557,39.889261043963046,0.44550810115487904
1.3872732668071204,9472.703726954369,0.1000263250719262,8.717651456766934,-819.3552939381633,0.08497504512757838,56.67514662460079,0.1718060614742684
1.3918939184715267,9512.066413475042,0.10157414078973565,8.765072957608611,-818.1328378660156,0.08490079707723751,56.95459646361135,0.17338112296872332
1.3172657693995524,9007.041916311962,0.10168190034713723,8.987427002572888,-808.5072983349859,0.08365392554928203,54.4605526829802,0.13392156327818242
1.303770311649916,12059.272219992989,0.4919349302918926,3.7559715326251397,-728.7059039417778,0.09828588484139114,25.2535611178112,0.12346761163042157
1.3027506567337348,9005.895830707224,0.10317171324346205,8.597352105689996,-812.3309387287675,0.0843069539471457,52.071751045451826,0.12648777259605642
1.3748558588698747,9177.61230592784,0.10029939938656562,8.485862930234061,-826.0610787129816,0.08554834836339127,56.61721044844944,0.1822150067896235
1.3782941902867485,9041.556235025082,0.1002000246054229,3.8510339298507743,-936.0655122733542,0.10377968728245751,38.43385520198967,0.35458507218206076
1.3000140114847745,11492.058092525755,0.11181286741342733,3.1349033285919563,-886.017112802297,0.10548012630287397,24.95507554480933,0.1167130769039038
1.3026409104857652,13750.196642849687,0.37399765214864333,3.054272158526052,-775.2133955982017,0.10450676042117488,23.48306562407767,0.16421303165624904
1.39894243068595,13727.772701449274,0.10002012366614836,3.0276246512186615,-919.944102389211,0.10855502191245671,28.5347625515412,0.27545211313810963
1.3571448896416964,9005.895830707224,0.10317171324346205,3.882583005414678,-929.0174699601508,0.10317042411021683,37.59275502872302,0.3144819957089186
1.300541519908165,13162.107677093743,0.1459969677169268,8.75691177942996,-760.658152471305,0.08225157817056171,40.486686367409455,0.06311934553074823
